user_id,name,department,role,manager_id,location,employment_type,access_level
U0001,Aryan Maharaj,Human Resources,HR Executive,,Bangalore,Contract,LOW
U0002,Udant Dewan,Finance,Finance Analyst,,Pune,Full-time,HIGH
U0003,Gagan Sami,Human Resources,HR Executive,,Hyderabad,Contract,LOW
U0004,Ayushman Chander,Customer Support,Support Executive,,Mumbai,Full-time,HIGH
U0005,Viraj Tiwari,IT,IT Analyst,,Hyderabad,Full-time,HIGH
U0006,Rushil Saini,Human Resources,HR Manager,U0002,Chennai,Contract,LOW
U0007,Saumya Mall,Compliance,Compliance Analyst,U0004,Delhi,Contract,LOW
U0008,Nathaniel Sami,Finance,Finance Manager,U0001,Bangalore,Contract,LOW
U0009,Arunima Dugal,Risk,Risk Manager,U0005,Delhi,Full-time,HIGH
U0010,Gayathri Chaudry,Operations,Operations Analyst,U0004,Bangalore,Contract,HIGH
U0011,Lajita Chatterjee,IT,System Administrator,U0005,Mumbai,Full-time,LOW
U0012,Hemangini Lalla,Human Resources,HR Executive,U0003,Bangalore,Full-time,LOW
U0013,Tripti Yadav,Operations,Operations Manager,U0004,Pune,Contract,LOW
U0014,Kritika Brar,Risk,Risk Manager,U0002,Pune,Contract,HIGH
U0015,Janaki Handa,Human Resources,HR Executive,U0005,Pune,Full-time,HIGH
U0016,Chakradev Kari,Human Resources,HR Executive,U0002,Chennai,Contract,MEDIUM
U0017,Fariq Kaul,Human Resources,HR Executive,U0003,Bangalore,Full-time,LOW
U0018,Lajita Mall,Compliance,Compliance Manager,U0004,Delhi,Full-time,LOW
U0019,Janya Gaba,IT,System Administrator,U0002,Pune,Contract,MEDIUM
U0020,Isha Kadakia,Human Resources,HR Manager,U0002,Delhi,Full-time,LOW
U0021,Ekbal Garg,Human Resources,HR Manager,U0005,Chennai,Contract,MEDIUM
U0022,Nihal Shere,Finance,Finance Analyst,U0005,Chennai,Full-time,LOW
U0023,Anamika Kanda,Compliance,Compliance Analyst,U0002,Pune,Full-time,HIGH
U0024,Daksh Karnik,Operations,Operations Analyst,U0004,Chennai,Contract,HIGH
U0025,Diya Rattan,Risk,Risk Analyst,U0001,Pune,Contract,HIGH
U0026,Dominic Kakar,Risk,Risk Analyst,U0003,Chennai,Full-time,MEDIUM
U0027,Simon Tata,Customer Support,Support Analyst,U0005,Mumbai,Full-time,HIGH
U0028,Tara Dhar,Risk,Risk Analyst,U0002,Delhi,Full-time,HIGH
U0029,Liam Koshy,Compliance,Compliance Analyst,U0005,Delhi,Contract,LOW
U0030,Priya Rastogi,Customer Support,Support Analyst,U0003,Mumbai,Full-time,LOW
U0031,Theodore Devi,IT,IT Analyst,U0001,Pune,Contract,LOW
U0032,Gavin Batta,Compliance,Compliance Analyst,U0002,Pune,Contract,HIGH
U0033,Michael Dutta,Finance,Finance Manager,U0005,Hyderabad,Contract,LOW
U0034,Devansh Rajan,IT,IT Analyst,U0003,Chennai,Contract,MEDIUM
U0035,Upadhriti Wadhwa,IT,System Administrator,U0001,Mumbai,Full-time,LOW
U0036,Advay Contractor,Risk,Risk Analyst,U0005,Hyderabad,Full-time,HIGH
U0037,Harini Choudhury,Finance,Finance Analyst,U0001,Pune,Full-time,LOW
U0038,Radhika Dugar,Customer Support,Support Executive,U0003,Bangalore,Full-time,MEDIUM
U0039,Aarush Lall,Human Resources,HR Manager,U0002,Hyderabad,Full-time,HIGH
U0040,Yashica Cherian,IT,System Administrator,U0002,Chennai,Contract,LOW
U0041,Yashica Issac,Customer Support,Support Executive,U0004,Delhi,Contract,MEDIUM
U0042,Kashvi Edwin,Operations,Operations Analyst,U0001,Bangalore,Contract,HIGH
U0043,Ekiya Suresh,Risk,Risk Analyst,U0002,Mumbai,Full-time,HIGH
U0044,Isaac Patil,Operations,Operations Analyst,U0004,Mumbai,Contract,MEDIUM
U0045,Wriddhish Bhardwaj,Finance,Finance Analyst,U0004,Hyderabad,Full-time,LOW
U0046,Farhan Chada,Human Resources,HR Executive,U0001,Mumbai,Full-time,MEDIUM
U0047,Ekapad Walia,Operations,Operations Manager,U0002,Chennai,Full-time,LOW
U0048,Kabir Soman,Operations,Operations Analyst,U0004,Delhi,Contract,MEDIUM
U0049,Alka Wable,Operations,Operations Manager,U0002,Mumbai,Contract,LOW
U0050,Siddharth Zacharia,Customer Support,Support Executive,U0003,Bangalore,Full-time,HIGH
